{"layer_sizes":[1,3,3,1],"hidden_activation":"tanh","output_activation":"linear","W":[[[1.0]],[[-0.4725535232253634],[-0.175067812098475],[0.47600133902486186]],[[-0.5082019781513397,2.6038021437312717,0.9375008428719032],[-0.374387112332797,0.1786983005110534,-0.290657092029872],[-0.780314852008649,0.8983269549476391,-0.29012339455654906]],[[4.5163020509722,0.020308090657662127,-0.03459538020563054]]],"b":[[[0.0]],[[0.0],[0.0],[0.0]],[[0.0],[0.0],[0.0]],[[0.0]]],"a":["linear","tanh","tanh","linear"],"mu_x":[[0.0]],"mu_y":[[0.0]],"sigma_x":[[1.0]],"sigma_y":[[1.0]]}