{"layer_sizes":[1,12,1],"hidden_activation":"tanh","output_activation":"linear","W":[[[1.0]],[[-0.9549738224847836],[-0.013483412624977346],[0.9463092647432926],[0.0008396442336363612],[0.9729143341006511],[1.3674252678686634],[-1.3236113288286386],[1.2611638761667785],[0.0030519019502868927],[-1.1982479802212078],[0.007252721722690747],[-0.9548822535676444]],[[0.7559797172637452,0.0004936177672146018,0.7450364072081279,0.0001507753184787719,0.7799765105851434,-1.304138639482339,-1.2533205170751816,1.1865406880785974,0.00004156757578664997,1.1235182050400854,0.0017824122745068256,0.7558590090576435]]],"b":[[[0.0]],[[-1.0166259942911806],[-0.82123960846829],[-0.9991773893746146],[0.01934590718089271],[-1.02791202551635],[-4.33171171230446],[-4.172169331281799],[3.980158237689914],[0.06046619703881916],[3.8117624857612395],[0.027817776014546575],[-1.016526997427516]],[[-2.4572099624170463]]],"a":["linear","tanh","linear"],"mu_x":[[0.0]],"mu_y":[[0.0]],"sigma_x":[[1.0]],"sigma_y":[[1.0]]}