{"layer_sizes":[1,12,1],"hidden_activation":"tanh","output_activation":"linear","W":[[[1.0]],[[-0.9584795936568979],[-0.43045840370059474],[0.9210950205247237],[0.00028337772180655406],[0.9902038534777261],[1.3463062414469382],[-1.3136577338019348],[1.2223449275973],[0.0001706375811610401],[-1.2292757695095398],[-0.0002657876001238488],[-0.9584825023027446]],[[0.7799469482018728,-0.3093626156808623,0.7080343838866533,-0.009317329405669202,0.7975399019995394,-1.282630071643396,-1.243000251021334,1.1432392864242507,-0.009171000236922936,1.1574475312272328,0.009048333000333735,0.7799506475767198]]],"b":[[[0.0]],[[-1.0290023422159096],[-1.7611947211907149],[-0.9840376845244603],[-2.2701637558720122],[-1.0584957881579722],[-4.245299342438854],[-4.168788364322347],[3.889276849016089],[-1.99358458115601],[3.885364877501709],[1.8405055340279601],[-1.0290054950652778]],[[-2.710234291521905]]],"a":["linear","tanh","linear"],"mu_x":[[0.0]],"mu_y":[[0.0]],"sigma_x":[[1.0]],"sigma_y":[[1.0]]}