{"layer_sizes":[1,12,1],"hidden_activation":"tanh","output_activation":"linear","W":[[[1.0]],[[-0.9541068302081631],[-0.9585635548278085],[0.9415256598718525],[0.00024025179358418526],[0.9958681304580174],[1.3349349909855974],[-1.169028588508773],[1.1402838121641667],[-0.5853159884242314],[-1.1637523656827096],[0.002766097096756186],[-0.9403129869823708]],[[0.8285304606670361,-0.7656061992351002,0.7329485927502345,-0.21719537275595105,0.8050833534012659,-1.3469833468151249,-1.0242450539372578,0.989223738921717,-0.3203368230429929,1.1317055845227706,-0.19068503141189044,0.8071576952031121]]],"b":[[[0.0]],[[-1.103069633411765],[-3.0974180347627596],[-1.0289686275187746],[2.292287320139965],[-1.091176347900172],[-4.232926846985801],[-3.720859447955983],[3.6343167752771253],[-2.147364459863414],[3.702275494703206],[1.791070052461872],[-1.086337584157406]],[[-2.4753353905079325]]],"a":["linear","tanh","linear"],"mu_x":[[0.0]],"mu_y":[[0.0]],"sigma_x":[[1.0]],"sigma_y":[[1.0]]}